1,,‰¹•„‚Ì‰æ‘œ‚ÆSE‚ÌID
1,,
1,,
1,,
1,,
1,,
1,,
1,,
1,,
1,,
1,,
1,,
1,,
1,,
1,,
1,,
1,,
1,,
1,,
1,,
1,,
1,,
1,,
1,,
1,,
1,,
1,,
1,,
1,,
1,,
1,,
1,,
1,,
1,,
1,,
1,,
1,,
1,,
1,,
1,,
1,,
1,,
1,,
1,,
1,,
1,,
1,,
1,,
1,,
1,,
1,,
1,,
1,,
1,,
1,,
1,,
1,,
1,,
1,,
1,,
1,,
1,,
1,,
1,,
1,,
1,,
1,,
1,,
1,,
1,,
1,,
1,,
1,,
1,,
1,,
1,,
1,,
1,,
1,,
1,,
1,,
1,,
1,,
1,,
1,,
1,,
1,,
1,,
1,,
1,,
1,,
1,,
1,,
1,,
1,,
1,,
1,,
1,,
1,,
1,,
1,,
1,,
1,,
1,,
1,,
1,,
1,,
1,,
1,,
1,,
1,,
1,,
1,,
1,,
1,,
1,,
1,,
1,,
1,,
1,,
1,,
1,,
1,,
1,,
